BITCH IS THAT GUCCI,0
I aint Gucci gang but you know I got that pump bitch,0
I dare a nigga to tell me Im not Gucci in my own town,0
im so sorry for saying 420 gucci gang ive had that vine stuxk in my head all day anyway i fucking hate teru,0
Wheres ur k rool at my nibber,0
IM NIBBER FKEDDDDDDDD,0
Roasted like sunday dinner nibber ,0
Who allowed u to say the nibber word,0
Me nibber jk u cringe asf,0
Shut up nibber no,0
MMMkk Youre a nibber Neck  yourself,0
Come play duos nibber,0
Maybe its playground tactics Like when Nibber used to kick girls in night clubs because he fancied them,0
This nibber look like he boutta let the heat go off,0
dont drop people from your team from saying the n word your fucking nibber,0
gay you nibber,0
Shut the freak up nibber,0
Doesnt matter where I tweet from NiBBer,0
jokes on you im steppe AND sand nibber,0
Nibber who told you this He isnt Turkish Unless youre being sarcastic lmao,0
You big fabbot why are you not reviewing Is it because you are a fabbot and dislike him because he is a nibber,0
you cant upload it without it nibber,0
I like performing magic Ive got this spell where I call someone a Nibber and they act in an uncontrollable rage,0
something about nibber thats 10 times funnier than nibba,0
You dont get to tell strangers anything Youre not in charge of anyone but you And youre supporting racistsjut called me nibber because hes too cowardly to write nigger You dont care cuz youre racist,0
i walk around like im that nibber,0
sinigang is meant to be sour you uncultured nibber ,0
im unfollowing some dumb bitchesnibbers  so if i unfollowed u u a dumb bitch or a dumb nibber hehe x bye,0
sign me up nibber ,0
Kpop is just nibber dance culture in asian,0
MOTHER DUCKING NIBBER WIBBER BOOTY HOLE BEACH CRAP,0
Lmao they made nibber into a country,0
Seethats the difference between a black man and a niBBer And you are a niBBer,0
Find the weed smokers Easy its the nibber emojis,0
everybody type in the chat alex is a stupid nibber,0
I got banned for pointing out nibber is just a way to get away with saying nigger and they banned me cuz I said nigger Niggas is sensitive as shit over that word no matter the context W A C K,0
Im at my 3 year old nephews house and the nibber just won a fortnite game ,0
my boyfriend just called me a mcbitch chicken nibber,0
They let me loose on the radio innit nibber ,0
easy with that r word nibber we run a tight ship over here,0
u need dick wo complications woke thishitme,0
Me Human beings need exercise Woke Twitter FUCK you I dont exercise I have NEVER exercised and Im fine My kids CANT exercise because they were hurt so now youre mocking them I demand you take that back and apologize Terry Crews do better Also me pictwittercomzUNX6aROOm,0
Soooo were not entitled to our personal opinion without getting ridiculed Stop riding the woke wagon,0
and stop shaming and blaming CHR if you dont even know its function Its obvious youve just jumped into the bandwagon and started spouting bullshit out of your ass for the sake of creating a woke persona youd eventually forget two days after,0
Google ousted the photo of antifa beating that old man in the wheel chair This one will have to do them sporting the American shame burka for doing things so humiliating that they must cover their faces It goes hand in hand with the avoidance of responsibilityWokeAF woke,0
make sure to check ur local woke white gays that are stanning billy eyelash  pictwittercomTeD50dq1FY,0
You be giving them attention but they wont seem to notice But when its night time and they come to discover how alone and lonely they are They be like Hi big head Lol My head is not big in chisos name Woke,0
Me gotta practice self love WOKE Not taking care of myself  hey bitch,0
Eating at a suspect Chinese restaurant in Brownsville and cant help but look at every bite to make sure aint nothing funny going on woke,0
To make a sloppy fuck in her bellyin the rolling stones woke pictwittercomYwLgUozW8z,0
Who wants to spank me  jailbait thot,0
Ok i saw her twitter and shes a thot GOING UP,0
Typical THOT,0
Not sure what my thot process was here but Belle I jerk off to you until I ripped my forskin off my 8D,0
for all ye hoes coming for my brandFUCK OFF thot backoff,0
Anyone have some thoughts about thots they want to share thotthots,0
We dont need no education We dont need no thot control,0
What do you do when youre a fucking loaded old sexy fit and bored obviously you go to a seedy stripper club smoke some good shit shake your giant ass as horny guys throw their money at you furry nsfw wip stripper milf bbw heels thot,0
LynnePatton Sit down and STFU You sound stupid Just another THOT Probably wish you were at least a fraction as smart as April Ryan Oh hit a nerve Bye Felicia THOT Go plan a party,0
Begone Thot Dragonballsuper Brysontiller Thot,0
If you know how quickly people forget the dead you will stop living to impress the people  Thot RT if agree,0
hot EDM girl pic of the day hot edm girl selfie tweetretweet followback plur electronic house rave borgoredaddy tits hips bikini burningman thin model igpromo soundcloud rapper thot bae sexy wet hard lovepictwittercomEuqO2dcWrj,0
Fuxk censorship I will continue to make porn httpOnlyfanscomgirlfriendnextdoor  camgirl modelnudity nsfw AmateurGirl pornhub cosplay lewd lewdsanime hentai pawg booty ass tits pokemon mangaethot thot pictwittercomuVGISjujbq,0
GOTTA HOE FAST I am not sure what got me to do this I kind of do but also dont regret making it Seen a few kinda hot sonic girls so I made my own thotty one tg fanart SonicTheHedgehogSonic sonikko rule63 r63 genderswapped thotpictwittercom61g3XWIu7I,0
Hoping Santa would come back to give me presents if I wore this httpbitlyEmilyRosex  wishlist christmas glassesstockings red traps trans tgirl shemale ladyboy sissytransgender transexual redlips jamescharles artistry santaloveme QT gamergirl thot pictwittercomwYMdYCIBUq,0
My hair Is Perfect Id still let you pull it tho ass asshole pussydick cock bigdick bbc mixed cumslut slut thotcumtribute horny teen longdick pictwittercomN0rMEDUnjj,0
Who wants to spank me  jailbait thot,0
I should be covered in some pussy juice or cum for a better Halloween custom whore thot slut ass pussy boob boobspetite dick pussy horny wetpussy tightpussypictwittercomTmLBXfT6NA,0
Whos going to be my daddy tonight RT to get noticed freenudessendingnudes xxx camgirl hot porn pussy nudes thotass daddy cumslut daddysgirl cumtribute bigass hornynaked young boobs follow rt retweet followme wetdmme pictwittercomIR16nHXPs7,0
My goal in life is to become the thot ThotianapictwittercomtZCQhvhtlK,0
twitch thot in a nutshell MEMES dankmemes thotpoledance,0
I havent watched this show since it came out But I really liked the look of the tempest character I saw in the adverts for the movie SO OF COURSE I HAD TO THOT HER UP thot furry MLPMLPFiM tempest highheels fanart pinup thicc,0
Im interviewing a nurse from WWll and Im not gonna lie Im a history thot,0
THOT HOE How dare she subscribe to TSeriesGOSUCKONSOMEDICK pictwittercom8ZSVIm8QyI,0
Retweet if you want me to send you a naughty nude in your snapchat  kseniass01 freenudes sendingnudes xxx camgirlhot porn pussy nudes thot ass snapchat daddy cumslutdaddysgirl cumtribute bigass horny naked young boobsaddme follow rt retweet pictwittercom6A92b2jpjK,0
yo its like when you grandma walk in on you havin sex wit the space between you matress ayy awkward relatable thot NESNintendoSwitch pictwittercomf3LIJy583T,0
Who wants to spank me  jailbait thot,0
Found a Lost Condom in a Woman RagtubePodcast Podcastthot,0
Aww yisss My homemade hickorysmoked bacon brings all the boys to the yard cuz its thicc thot thathogovertherehttpswwwinstagramcompBuooFOtBhqutmsourceigtwittershareigshidpi889xkzt00h ,0
Kayla Wants to rape my children apparently rape pedophiliathot trailertrash pictwittercomLkXrktK2Bc,0
Lmao who said strawberries cant be hot thot Strawberry selfiepicofthefay,0
Azey boobs errr what boobs can do to me boobs is bae,0
EbeMonateRelationship to a point where your bae goes around naked and ask yourself when did we get here httpstcoC,0
bae i only posted where the hoes at to make sure i stay away from that area,0
Can you watch your Bae having Sex with another Person for 50 million,0
Couldnt agree more Its like the Momo of college basketball,0
The Chronicles of Narnia The Lion the Witch and Momo,0
Youtube has full control over what is being posted on their platformSo youtube can remove all video that has any connection to MOMOMOMO is just like a blue whale but a Blue Whale 20,0
Thats the mascot I thought it was that momo character your suppose to call the cops when you see,0
My Momo exposure has mainly been through people I work with that have kids so Im largely in the dark thankfully,0
u dont look like momo its just weird the fact that someone pictured momo with ur new look,0
Momo slowly peaks through the gap between her sleeves staring back into the eyes of the other Due to her sleeves being in front of her face her next sentence was slightly muffled,0
tell him if you replace him momo will be in his bed tonight,0
Momo is natural selection at its finest,0
Momo continued to push her head into his hand though because of thus it caused her to slightly lose her balance She was enjoying the fact that he was scratching her so she didnt even notice how far forward she was leaning,0
The reward should be in my momo dear,0
george is the new and improved momo,0
Youve heard of the Momo challenge now get ready for the Santino Rice challenge,0
Momo fighting Date is literally the equivalent of Spongebob and Patrick fighting over who is Dirty Dan,0
Oh hell no This momo bitch got her own restaurant now Yall tell yall kids to stay away,0
Oh hell no This momo bitch got her own restaurant now Yall tell yall kids to stay away,0
Momo is just a Tweenie with a hangover,0
please Report this account that posts porn about Sana nsfwsana sana dahyun NAYEON JEONGYEON Mina jihyo Chaeyoung MOMO tzuyu,0
Adults are the only ones who fell for the Momo hoax httpsbuffly2VXEI7A,0
 is anyone noticing anything odd about my momo ChibiHinamori It wont let me log in due to Unknown activity ,0
no cap would u pipe momo,0
thank u momo ily pls keep the gays safe,0
IGGYAZALEA do not threaten me with momo,0
There is a stall that someone wrote who put toilets in the juul room in and now that stall and apparently a lot of the toilets have printed out pics of Momo in them which say IM COMING below the picture,0
He is I really miss Walker pictured in the back but suddenly MoMo will not leave my side He follows me everywhere He watches everything I do I love him In the Spring when I can get some time off the right rescue dog or puppy may come along  hope MoMo wont be jealous,0
I was going to start being productive but then Momo jumped on the bed and laid up against my back so now Ill feel bad if I move,0
Momo looks like a freak in the sheets,0
My little sisters YouTube ban is over now that all that MoMo stuff has died down can someone start it up again plEASE She doesnt even watch the videos that MoMo was supposedly appearing in but still I cant deal with the videos of annoying bratty children playing Barbies,0
7 year olds throwing a toaster in the bathtub because Momo told them to,0
