Text,Bullying?
my brain cell when i have to use her than once a day,0
rauda @raudahx me drinking iced coffee in class retaining 0 information,0
when you know you're not made for college but you keep trying anyway,0
things on the exam things i studied,0
group projects in a nutshell,0
"""can you show me around your college?"" me: this is where l come to cryo cool.",0
professor: does anyone have any questions? me: can you repeat the part of the stuff where you said all about the things?,0
when the teacher is about to switch the powerpoint slide and you're still not done taking notes.,0
nakia @official_nakia me sitting in a towel for 13 years after a shower,0
morning classes vs. afternoon classes,0
how i think i look in a sheet mask vs. how i actually look in a sheet mask @bustle,0
"""you're useless"" i'm not totally useless. ican be used as a bad example.",0
anthony @xforcades2 one nostril gets clogged up* me:,0
my group members me on brea the group project sbd ro mold strongman classic enth,0
me after missing every lecture this semester and then showing up to the final exam 'extinct' animal last seen in 1941 makes surprise appearance,0
my mom introducing me to people: this animal sleeps its whole life away.,0
"when you throw transition words like ""in addition"" and ""therefore"" into your essay",0
professor: your essay has been graded me:,0
"when you go back to your small home town for winter break apart from drinking, there is absolutely nothing to do here",0
me enjoying break and then realizing the new semester is right around the corner,0
"felt schrute, might delete later",0
when you accept the fact that you're not gonna get in shape for this summer or any other foreseeable summer yes.,0
me when i see all my friends enjoying summer break yet somehow i'm still inside studying,0
me trynna look for the person that's been spending all my money wanted maniac,0
the three types of students in class:,0
me after opening any exam paper and reading the first question,0
"""look who's coming"" me:",0
"juice @juicetoowavie when the ""easy a"" class start getting a little tough",0
"""how did you sleep last night?"" great! i got a full 40 minutes,",0
a pure-bred,0
how me and the cashier be looking at each other while we're waiting on my debit card to process @friendofbae,0
me on my way to make bad decisions,0
"""cats are better than dogs"" me: thormermaid oon we're not gonna be friends. 16",0
"""are you calling other dogs goodboys, yes or no""",0
who would win? sergeant butter leutenant lettuce becel,0
you thought was avocado but am actually avocadoggo got heckin bamboozled,0
when u tryna snap a nice pic and it flips to the front facing camera,0
google a who is a good boy @bleachburps,0
when you're laying in bed with all your bills and responsibilities and you're just contemplating life like. coet auoy inw,0
"""whats in your mouth? open your mouth!"" every toddler",0
"when i ask myself why i'm single you know, ve realized that i'm probablyjust perfect and it's everybody else around me that's got issues.",0
when you on break at work and see the staff struggling because it got busy,0
"*first date* me: excuse me a minute her: work? me: naw, fire meme idea... @christianmemesbro",0
when you turn the tv on but you forgot you left it on high volume when turning it off last time poritiaa 96,0
hospital: *charges for oxygen* trees: n7 you guys are getting paid?,0
actors and their stuntmen treasure @ada0obi so jackie chan's stunt double is john cena?,0
ÃÂªÃ¸@freshmemecake o000 00 we are ldokin g for raphic designer,0
when you've slept for 2 hours and think coffee will help c 137 by7,0
multiple choice answers on an exam* me: yep. this answer is right me to me: you've gotten c too many times in a row. pick b.,0
when u ask the teacher for help and end up just feeling yourself become more and more confused,0
me in class taking a picture of the board that i know i will never look at again,0
kids these days will never know the strength you needed to get the car window down,0
"when you take that walk of faith into your kitchen at 2am to get some water hey there, demons.it's me, ya boy.",0
my excuse why i was late for class. what happened sorry i'm late nothing.ijust really didn't wanna come,0
daddy s gone to a better place. good. cause this hospital sucks.,0
"fez, you can't take a teacher to the prom why not? she's always writing sexy comments on my homework ""nice job"", good effort ""see me",0
"""college will open so many doors for you"" the doors:",0
"me: sorry, can't go out tonight, i have so much to do *takes quiz to see what kind of pizzal am* g uck",0
"not a day goes by where i don't think about the first time i saw the wikipedia entry on high fives ""up high."" ""down low."" too slow!"" (with finger-guns.) victim misses.",0
how i slept the night before a school trip randa @rannnda not to sound depressing but i miss being this excited about life lol,0
"me, every time someone at work tries to teach me something new @psychoebetch ihave absolutely no idea what's going on.",0
"some people: ""live, laugh, love"" me: dica tlaces bacon cizaa claers",0
when you're trying to have a positive attitude but life keeps testing you,0
an actual photo of me in the morning before my first cup of coffee @psychoebetch,0
*alarm goes off for 47th time* me:,0
when you go for a 20 minute nap and wake up 7 hours later,0
all-terrain hole @feelingfisky just saw this on facebook and i'm literally crying circle worker my dog is a... hcompanion because.. he is round,0
"when you're about to hit failure and someone screams ""lightweightttt baby"" cardio the song has restored my strength.",0
lifting heavy me warm up sets cardio stretching,0
i've been putting my sunglasses in there like an idiot eean manesco,0
how i feel after writing thus' in an essay...,0
me the night before the exam.,0
me trying to figure out which days to wash my hair so it can line up with my plans. yax+b 2a,0
nobody: girls after watching one makeup tutorial:,0
what if i have a child that's allergic to dogs and i have to get rid of the child,0
waiter: would you guys like to see the dessert menu? everyone: no thanks just the bill please. me: facebookorcialsupical instagramsoperfcial ech,0
"""work until your bank account looks ii like a phone number "" 46% .o0o at&t lte 11:49 pm connect.secure.wellsfargo.com wells fargo account summary checking ...1212 $9.11 available balance",0
me when i realize i overreacted and was being a drama queen but it's already too late so i gotta keep my ground,0
the jabroni times @jabronitimes when my most annoying co-worker opens their mouth to speak how are you not murdered every hour?,0
"me: *swears i'm quitting my job for the 1,000th time* my coworkers: sure, jan",0
left cxit 12 taking advantage of the beautiful nap day me,0
sarafcarter @sarafcarter people my age are starting families and i can't even start a new netflix show,0
theycantalk.com someone's breaking into the neighbor's house disguised as the neighbor!,0
"tsa: sorry sir, no food past this point me: enotional support",0
so disappointed after seeing this photo & realizing that's a third llama in the back & not the arm of the right llama ringing a little bell,0
"""how's life?"" i'm not very good at it. but it doesn't matter",0
being an artist requires only two things: get t coup free 45 f tat ncard t art supplies & pain,0
when ur alarm goes off extra early bc u planned on working out but now ur sitting there thinking about it like,0
that one friend who can't give directions right or left? vanitski yes,0
me acting shocked when my poor decisions lead to negative outcomes eve,0
how me and my bank account look at each other after i make yet another unnecessary purchase,0
when you agreed to go out and the time to go out is getting closer,0
me waiting for my phone to stop ringing so i can text them and ask what they wanted facebook @oicialsupefial nstagram:uperficialtech,0
i bought a mini toy laptop for my dog. so he can at least look like he's helping support this family.,0
"me: i'm gonna start eating healthy also me: treat yourself one last time, you deserve it",0
when you're going through the same drive thru for the 2nd time in the same day. @humorandwine,0
when you've been binge watching netflix for hours and someone walks in and turns on the light @humorandwine,0
"me: mom, look at this meme mom: do you know this person? who's this? did you make this? what does this mean?",0
me and my bestie planning a summer vacation with a combined total of $12.04 in our bank accounts,0
rahmed @wavypele i work best at home' me at home:,0
divorce selfie!,0
"oo verizon 5:44 pm instagram grandmother slime @artyintheuk la if i say goodnight and an hour later you see me online it's not that i lied it's just that i failed liked by hannahconferr, itsdking and 311,440 others fuckjerry i felt this view all 4,319 comments",0
connor @sailorjurgy forget gas prices can we talk about beef jerky prices,0
"ediogenes of lagos @the_nifemi nothing to see here, it's just a cat who mistakenly knocked over a flower pot. alex @alxjasper let her perform her spells in peace",0
when someone shows me a meme i've already seen i'm50 memes ahead of you and everybody else via 9gag .com,0
"""i'm really sorry, they got me driving 14 hours a day in this thing and also i'm a dog"" piveraide ites",0
you've put so much ginger in this itsaweasley! memeblender.com <<,0
"elon musk @elonmusk sew one button, doesn't make u a tailor; cook one meal, doesn't make u a chef; but f* one horse and u r a horsef*er for all of history... 12/29/11, 10:58 pm",0
"ed sheeran -lego house (official video) 25 videos edsheeran subscribe usa. get ed's #1 debut album * now. http://www.smarturl.it/edsheeran.plus 0:31/4:06 top comments ronald weasly! how dare you star in a muggle video! i am absolutely disgusted! your father is facing an inquiry at work and it is entirely your fault! if you step another toe out of line,we will bring you straight home!. oh and ed dear, congratulations on the good song, your fans and i are so proud gandcdisney96 17 hours ago 314",0
606,0
jasmin kaset @jasminkaset imade something perfect today m,0
curex solea aure corex durex looking to protect yourself planned parenthood care. no matter what. or deal some damage? stade pae,0
starx @rainsylverstar theresa may: i'm going to resign as pm boris johnson:,0
when your mother watches you do something she told you not to do. ig: @strait2school,0
texting a girl who only responds with one word texts. sharp curve ahead 1f julien,0
when you make your buddy a drink with 98% whiskey and 2% coke. i pulled a little sneaky on ya,0
how to tell people who wear alÃâ bÃâack aparf old school goth fancy dress goth ghnonen emo sparkle goth punk metal,0
"damn5h @yareyarezawa i'm gonna be thinking about this for months mookie wilson, lf when i'm in a slump, i comfort myself by saying if i be- lieve in dinosaurs, then somewhere, they must be believing in me. and if they believe in me, then i can believe in me. then i bust out.",0
"fro vo @fro_vo robin: the batmobile won't start batman: check the battery robin: what's a tery 28,868 retweets 75,632 likes t 29k 295 76k",0
crim @crimsonfarina my dog cheweda hole in my blanket and then did this calwarket,0
"nathan mccomas sunday at 5:20 pm thank you huggies pull-upsÃÂ® for one of the biggest and funniest embarrassments my wife and i have had in the past six years of parenting. our two year old wins in this catergory after our incident the other day. i don't mind the change in patterns on diapers and my son liked the change from cars to promote the new toy story movie (he hated the cars). however, him jumping up at dinner in a 90% full restaurant and screaming ""i've got a woody"" and ""iook at my woody"". was the last thing i'd thought my child would say. i would have been less surprised if he cursed again. anyway, pull-ups, thanks for your clever marketing. you win this time. #innocenthumor",0
a thrilling saga,0
|(adjusts straw hat),0
ÃÂ².ÃÂ. @yesthatbc this zoo cost $45... my son better get attacked,0
words of the week directions:write as many words with the same pattern uck truck jnck deuck buck teck fword gack stuck,0
when you're feeling a little fragile and all your wonderful friends say it's okay here are some memes,0
what if i was cool oh wait i am,0
"riley @lgbtop burglar: if you wanna live give me all your money me: bold of you to assume i want to live and that i have money 7/25/18, 10:42 am",0
iprayed and asked god to increase my finances and behold i found a wet floor with no sign in sight #bouttoslip evianfacialmist: mood,0
anyone else get cute texts this? like 1 5% 3 4g od 3 4g 03:56 6% 03:52 notifications messages details today text message send no notifications the you qwer t y ui o p a sd f ghjkl z x c vb nm,0
pharmacy: fam this xanax will have you lit af guy: what? i need heart medication pharmacy: skrrrt!,0
posh spice @littlebiaancaa i'm just trying to feed my baby today 8:06 am where is the formula read 8:09 am chill plankton omfg bitch delivered,0
posh spice @littlebiaancaa i'm just trying to feed my baby today 8:06 am where is the formula read 8:09 am chill plankton omfg bitch delivered,0
there' a snape in my boots.,0
"cassieblack: arineat: sigmarikz: certaflyably: thirstingaintdead: top 3 phrases that'll create sexual tension 1. ""make me"" 2. ""oh really"" 3. is that so"" ""prove it"" ""what's in it for me?"" ""wanna bet?"" ""scared, potter?""",0
"somepotternerd: hagrid hagrid potter, you were named after the only guy in my life who looked out for me with zero ulterior motives he literally just cared about me because he was a genuinely nice person and he deserves some recognition for that",0
"fierceawakening: argumate wingardium leviosa potter, you were named so that every time a teacher yells at you they're going to make stuff fly around the room. your mother wanted to call you fred, but i thought this would be more true to his memory okay this one is legit hilarious",0
"tpok, i didntknow i could speak porseltongue what else don't know about myself? arkadie #oh harry the things you dont know about yoursalf.could fill a book #in fact they did #seven of them hary potter and holy fuck im a wizard hary potter and shit i can talk to snakes harry potter and when the fuck did i get a godfather? hanry potter and there are other wizarding schools ? harry potter and on my god i can see what voldermont's doing harry potter and snape was friends with my mum?1 hary potter and wel fuck snape was a good guy all along and now have to die",0
harry potter books according to severus snape severus snape and keep out the dungeons you little bitch severus snape and keep off the whomping willow you little bitch severus snape and keep out the shrieking shack you little bitch severus snape and keep off my gillyweed you little bitch severus snape and keep out the dark lords thoughts you little bitch severus snape and keep off my potions book you little bitch severus snape and keep my memories mr potter . manecentera memecenter.com,0
"youhavebeenmysignpost holyhael tumblr. follow dajo42 a muggleborn student coming to hogwarts with a thermos flask and filling it with tea in the morning so it stays hot all day and their pureblood friends are like ""whoa what spell did you use for that"" and they're like ""?????? it's just a thermos???"" and all the pureblood students start pointing their wands at cups and saying ""thermos"" colorfuloddity thermos source:dajo42 275,652 notes",0
"she marched toward the door, and as she did so she raised het wand. from the tip burst three silver cats with spectacle markings around their eyes. the patronuses ran sleekly ahead, filling the spi ral staircase with silvery light, as professor mcgonagall, harry, and luna hurried back down. weasleysrbloodtraitorsnotfriends: siriusly-remusx: amarquerite: i forgot that minerva mcgonagall's patronus was herself only mcgonagall can protect mcgonagall. 3 patronuses",0
"come-alongmerlin finish-crumb source:suicidallyreckl... suicidallyreckless do you think like when hogwarts kept sending more and more letters to harry in more and more ridiculous ways and mr. dursley was losing his mind that dumbledore was just sitting in the headmaster's office giggling 68,417 notes",0
"7 fear of responsibility and social interaction harry potter and the deathly raggedy-angelx: finally, a book i can relate to",0
hogwarts logic hogwartslogics jul 16 harry potter chugging game: drink a whole bottle when dobby dies because you have to numb the pain t1:4k 3.3k,0
elily potter abortion voldthirt then whe weuld stop stalinchristmasspecial: neville longbottom jesus christ read the books,0
"shoresoftheshadowla... bamboo... source: theflapofrabdo... now, do not forget to speak very, very clearly. diagkidjksbikshbdjksb matthwcrawley: #this is why they made you live under the stairs for 10 years. 589,065 notes f1",0
we ctat true that you ve kind of swapped roles on set once? wo did it for a load of the scenes.. loolocsccemta sothen we had toreshoot half the movie! and then we got caught..,0
"danyytargaryen harry and ginny having triplet boys and naming them james, sirius, and remus respectively and mcgonagall's reaction when they're at hogwarts like no no not again unlike comment share 1,285 21 84 you and 1,284 others like this top comments 84 shares write a comment.. she would probably read their names to be sorted by the sorting hat and just throw the paper away saying, nope. not happening. mcgonagall is mcgonagone. like reply 129 16 hours ago",0
her: what's your hobby? me: playing fortn- you lost ths hole!,0
has science gone too far? 123rf science 123r,0
saving up to get my other sleeve done,0
"if ree it's a simple spell, but quite unbreakable.",0
the us government deciding which basic human right it's gonna make us beg them to keep every month co,0
the black supreme kai @blacksupremekai using your student id to get discounts even though you graduated 4 ago,0
karen general manager you have become the very thing you swore to destroy,0
other people: ÃâÃÂ¸ÃËÃÂ¾Ãâ° mÃÂµ: staigae,0
when your plan to conquer the earth is coming together nicely,0
marvel studios vemoers infinity war jigsaw puzzle expert level,0
english teachers that use memes in their powerpoint castronautic.cereal the students,0
"these motherfuckers got grits? one would assume, bernie, but i'll ask if you'd like memegenerator.met",0
antivaoe co camera camera chickenpox cp 128 measlescp 192 polio cr 381 cgotta catch em all!,0
"he attacc he attacc but most importantly, he attacc",0
gamers in 2016: *tries to find a game better than minecraft minecraft in 2019: you couldn't live with your own failure. where did that bring you? back to me.,0
"when people don't do anything to combat climate change. i am the lorax, i speak for the trees. litter again, i'll break your fucking knees.",0
kevin ryan @kevinryancomedy shopping is just my girlfriend dressing me up as the guy she wants to be dating.,0
i learned this in middle school and it's the main reasons i type so fast now... e rt yui di hjk p c/fg x vb a z nm x,0
me when i don't have a sword and i am in the nether,0
sparkling water tastes like when your leg falls asleep,0
gibby has been enraged,0
depost white girl's insta stories sitphotos alabama law makers,0
"""i don't know what the fuck is going on"" -stephen king hp lovecraft what the fuck is that seriously foward by: some other crazy asshole. what is that thing? publishing you've got some fucked up taste kid",0
this is the stone used to evolve eevee into a ghost type.,0
"$500k in marijuana disguised as carrots, border patrol says.",0
other people: what's so funny? my brain: shalomander,0
"first rule of vegan club, tell everyone about vegan club",0
hkirkh tano toddler was asked to feed the cat. tinybed dipsapoinment,0
he doesn't protecc he doesn't attacc but most importantly. he constantly meow for additional snacc,0
the vets made my cats leg into a dick emoji car boot sethis,0
the one who should truly rule all the 7 kingdoms.,0
ikeulaih thanks to the anti-vaxxers for making this comeback possible!. maytis the,0
"""why do you keep posting things that you know will trigger people?"" me: copy roadmen why? cause, fuckem! that's why!",0
"when you finally get a text back but all it says is ""yea lol""",0
what the... saaaan pantere bread drawn by joseph fail tweet by @anieatedgeoff,0
"jordyn woods attorney liked bug girl @kaylalalaj do you ever wonder how many houses you've passed in your lifetime that have people locked in the basement 11:50 am 4/7/19 twitter for iphone 3,654 retweets 18.7k likes",0
"lucas landherr @danteshepherd robin: you didn't name everything in the bathroom after you, too, did you? batman: of course not robin: batman: ok, yes, there's batshampoo robin: batman: but there's also conditioner gordon 7:33 pm 23 feb 18",0
simplesidewaysglance: there's not a day that goes by that i don't laugh at this f ucking picture,0
my cat and l enjoy driving around town and disapproving of everyone we see.,0
coolcatgroup the bebby is hongry,0
we will literally pay a stranger if hello we do not want to make they come here with sustenance sustenance please pile various edible items on to a vast dough circle ok gratitude we will stay here and do nothing excess fungus slices excess fungus slices nathanwpyle,0
how being too nice feels like,0
"""got any fun plans for the summer?"" me:",0
when you inform mother that you would like to eat lunchables just as the other schoolchildren do at luncheon plates wine-infused salame 16g small with natural white cheddar cheese & toasted rouncs proten hillshire snacking net wt 26 02 789 servs sussestion crater,0
"kelly @kelkatcox is your dad really your dad if he doesn't say ""who?"" after talking about any of your friends even if he's known them for literally 7 years??",0
"time to rise and shine. you resurrect this minute, young man just ten more minutes, dad happy easter",0
pessimist optimist me things?!! what things? nobody told me about any things! things happen for a reason things are random and meaningless,0
me with a blocked nose thinking about all the great times i had with an unblocked nose.,0
"adam jacob follow @adamjacobbbb my dad was just introduced to venmo and it's the worst thing ever. he just requested $50 for ""2001 tee ball registration fee""",0
when you lay there with a doublechin and scroll through your timeline and see something funny hhhehehe,0
"13. love is about balance: emi @grohliest you guys. my little sister's boyfriend is a programmer. for her birthday he made her an app that has a button on it and when she presses the button, a light starts to blink in his room to let him know that she wants attention 8/4/18, 11:21 pm",0
dad: we donated all your presents to the orphanage son: why? dad: so you'll have something to play with when we take you there @gucci.gameboy,0
the school shooter can't kill you if you are the school shooter @idubbbbz,0
when you release an offensive meme knowing it will get people triggered ig: @fvckyoumeme and. here. we. go!,0
"old people at weddings always poke me and say ""you're next."" so, i started doing the same thing to them at funerals",0
"when you ask someone why they're depressed but they jump off the bridge instead all right, then. keep your secrets.",0
o we broke up riga but shesaid we could still be cousins,0
studio ghibli @ghibligems me in my 20s it's not easy being old,0
i dont care. razs world www.razmtazcom,0
"bas ""i lie awake at night in fear that one drunk and we'll never see each other again."" day she'll get",0
ÃÂalex? @hoemoticon when you're hanging out with friends and your social battery runs outs evil @evilbart24 this actually happens. like the moment you realize you're out with people and you don't wanna be there anymore,0
"planning trips with your friends like in terms of money, we have no money",0
"professor: ""you've failed 2 tests "" me: you've failed to educate me twice now.",0
me: i should probably give the person i like some space today also me: wake up 8:00am patrick wpatrick brush teeth /o:00 am t patrick /:00 pm stare at patrick 3:00 pm et lunch patrick 5:00,0
"""until death do us part? deadass?"" yeah it says it right here! """,0
dot @coldurider it's that time of the semester me 4.0 gpa professor,0
"wait. is this too much? remember puppy! what they did to me,john kill them kill them all!",0
when you wanna sleep but your friend won't stop talking,0
being tired all the time hungry but no appetite me random pain not knowing why you feel frustrated a-35 sleeping like shit,0
"""i suck at replying"" no you're just emotionally closed off from past trauma and haven't dealt with it in a healthy manner causing it to manifest itself in poor social & communication skills",0
"""babe wake up i brought you food"" my girl:",0
you are lucky ohave several i'm looking for a girl with personality,0
someone brought home the wrong paper towels maflo.com,0
zach @zrussell2121 this summer invite me to: pool parties bbqs kickbacks lake trips beach trips camping trips baseball games i'm probably gonna be working but ask anyways lmfaooooo,0
"i promise i'm a lot nicer than my ""walking to class"" face would lead you to believe",0
"if i tell you i'm broke and you accidentally see me spoiling myself,i don't owe you any explanation. i'm broke to you, not to myself",0
foot @f_00fff me: im gonna do something productive this summer also me:,0
how the world sees clint eastwood how clint eastwood sees the world 8oong s sadanduseless.com,0
michael jordan took naps. abe lincoln took naps. why am i getting in trouble for napping? the bachelor new monday 817c #thebachelor when accidentally sleep through a class that takes attendance for a grade:,0
i'm on a dinner date what do i say he's so cute and i'm nervous,0
"bombuzzi follow igot a notification saying my lyft driver was deaf and to text him anything i needed to say. so i texted him saying thank you for picking me up. this man turned around to me and said ""no problem bro. you can talk to me. i just say that im deaf so my passengers don't talk to me""",0
"a lot of pets will ignore you, but only a cat will follow you from room to room and check your lines of vision to make absolutely certain that you can see them ignoring you. soimpotent",0
once again honey your shit doesn't add up teamjimmyjoe.com,0
"why alien abductions happen only at night it's 9 pm, and you're just now telling me you need a human for school tomorrow?!",0
someone had a maternity shoot for their dog,0
checking facebook and seeing someone from your high school pregnant. another one,0
mejerking offat 3 am my fitnestracker: why are you running?,0
when you bring the big bag of hot cheetos to school,0
me to myself every damn day y are you like this im doin a snooze u have work puggerino heck em ya homeboy napoleon,0
wifi: connected me then fucking act like it,0
when u wake up and remember u don't have to go to school anymore,0
everyday i go out and hunt memes for you ungrateful creature's,0
"daddy jungleboi18 follow college be like you: hey professor how you doing today? professor: it's on the syllabus retweets likes 27,462 28,200",0
mollie aveson @mollieavesonn i've worn oversized t-shirts so much that i suffocate if i wear one that actually fits,0
*hears a song* me: nice *plays song 9573839 more times* me: still nice everyone else: please stop eorcalsare,0
when work has made you dead inside but you still need to act positive because you have bills to pay classical art memes facebook.com/elassicalartimemes,0
summer kind of stresses me out because i feel like i have to be doing something fun at all hours or else i'm wasting summer weknowmemes,0
"me, fail english? that's unpossible.",0
best pokÃÂ©mon name! clefairy 10 hah. hp attack defense sp. atk sp. def speed oh shit hed l15 2 gip 1 43 oh shit he grew to lv. 10! oh shit he woke up! oh shit he l15 oh shit he learned sleep powder! what? oh shit he is evolving!,0
@quellfckwhites ineed someone to look at me like this weffrey jellington @jeffwellz have you watched the movie?,0
idk what this dude going thru but i feel him,0
for a good tine cail 555 0917 ora go ne cai 5 09/ now! this is awesome! iknow! but no one ever calls! via 9gag.com,0
nake nings happer instagram bossedupquote5,0
"tweet hangry @sexualjokes *sitting next to my crush* classmate: ""you two would make a cute couple"" my crush:",0
"hey, im cass @girlthatscass yall gone be boo'd up this summer or single? sm @manzosteph drunk",0
me in the 5ft pool area,0
well...someone's happy 289 v-power ido idid im done eid pivorced! kia,0
when you don't need a squad bc you are the squad laughs in 23 personalities,0
this was in my dentist's waiting room for cter,0
this is how im sliding into dms in 2019 10:02 am max get back here my bad lol he just be running off sometimes but what's up tho,0
bringing buffalo cauliflower for the game! if you bring that shit to my house im calling the fucking police,0
"me in 10 years: honey, i'm home! chrec oh;i forgot. i'm not married",0
the most relatable meme i have ever seen e xcercise ating,0
baseaums social media marketing in june everyone,0
this is why i hate-video games it appeals to the mmale fantasy show intg c pat chesafeake bat retriever,0
when you show your mom a pic on your phone and she starts swiping swiper no swiping,0
sweet victory sicko mode nfl everyone,0
"tweet vsauce @tvweetsauce if furries want to be animals, then we have the right to hunt them. 8:04 pm-14 feb 18 12.6k retweets 43.7k likes",0
indian guy: *blows into stick* snakes:,0
"not all floridians are idiots, because bob ross was raised in florida. u/niftydragon123",0
marriage is like a deck of cards. in the beginning all you need is two hearts and a diamond. by the end you wish you had a club and a spade &ccests,0
blt w/ cheese... i just wanted a atest tmmy tast rlak! jimmy jo sat ohn's,0
"they should put prizes in your tampax box. your period sucks, but here's a sexy bipolar broads 50% off ice-cream you cranky bitch.",0
1 just saw myself in the mirror naked and i look iike hell how about a nice compliment to lift my spirit's? your eyesight is perfect.,0
"don't be racist! be like mario. he's an italian plumber created by japanese people, who speaks english and looks like a mexican. jumps like a black man and grabs coins like a jew.",0
"adult diapers in a thong! sexy, right ?! angel of death, take me now. .",0
i have no problem admitting when i'm wrong. like that one time i got married...,0
"a wife got so mad at her husband she packed his bags and told him to get the fuck out. as he walked to the door she yelled, ""and i hope you die a long slow, and very painful death. he turned around and said, ""so, you want me to fucking stay?""",0
i hate when people say you don't need alcohol to haue fun you don't need running shoes to run but it fucken helps mematic.net pap,0
"kids, you tried your best, and you failed miserably the lesson is, never try.",0
whenever the u.s. tries to intervene in the middle east we did it patrick! we saved the city.,0
sometimes you fall in love with the most unexpected person at the most unexpected time. lovendar.com #1 app for couples,0
one of most beautiful and weirdest thing that happens is to fall in love with a person you didn't even notice at the first time you met them holines i tumblr,0
ithink therefore we have nothing in common. @rebel ciraus,0
im not weird youre simple,0
a half-read book is a half finished love affair,0
moments ike this iean feel gour heart beating as cbarly asl feel my own andliknowthab separation isanilusion mlife exbends far beyond the limibations of me,0
"if i could create something thatis even minutely close to a small percentile of a genius as cloud atlas, i shall deem ihy life worthy! k. hari kumar topfamousquotes.com",0
how does knowing things could be worse' than what i already deem awful make me feel any better? you mean i could sinkeven lower? oh joy! richelle e goodrich wisefamousquotes com,0
you are not atlas carrying the world on your shoulder. it is good to remember that the planet is carrying you ndara shea,0
there is always ÃÂ·ope.,0
be who you are and say what you feel,0
so this ie ny 11fe and i vant you to know that i an both hapoy and sad and i's still trying to figure out how that could be. mamapiads,0
there's a sparkin you,0
hipster,0
i choose to be happy born to die.,0
real friends,0
a girl knows her limits but a wise girl knows she has none marlyn monree ww,0
i like 1o be alone buti hate being lonely reactivating,0
dear love,0
"summer no school, no exams, no waking up early taythinge",0
chocolate,0
"everytime i close my eyes, it's like a dark paradise",0
"thisisthe problemwith getting attachedto someone. whenthey leaveyou, you just feel lost. -zombieland lifequotesru net",0
"don't worry girl you will find the one who will your lipstick, and not your mascara",0
"oh,fuck! .. think, i love you.",0
music brings people to gether,0
keep calm and part on ovebroem nce tublt,0
"after beethoven's own heart considered as ons of the best beethoven soloists of our time,' maestro christion leotta brings his expertse to fhilippine shores.",0
t.g.i.f. thank god i'm fabulous.,0
music is what makes this whole thing less painful. rgria hgnsosiy 5nor,0
"she didn't know, who would leave or stay. so she pushed them all away",0
in the end we only regret the chances we didn' ttake,0
the only person you should try to be better than... is the person you were yesterday. quote diary me,0
foa,0
case study restructuring a conglomerate 20 buileing true value,0
hea aba,0
"for tite mcckin imrecicaly perfet eary way s love, h.c we",0
today arget oast orgwe fegin agai,0
ad yo me and lexr,0
curiobity klled your virginity,0
dream it wish it dot,0
soenihes a hug all yu ned to abe sou fe betier,0
"no stress, relax",0
i'm too pretty to work.,0
donore dst,0
ak he yar lowoullmilin,0
"just because i'm smiling, doesn't mean don't want to hit you in the face.",0
elony ive 0nce,0
a rih eg,0
"best friends? bitch please, she's bke a sister to me",0
and nen m coq s 104 and i kind of ent,0
ifi dont show it doesnt meani dont feel it.,0
imitred of buls ht,0
stay fucking strong,0
g0 ahead telnegnt teecanse verl verasain thatican,0
sometimes ma 15n the besta the fn giaca thires s er take awhile,0
dear ya iy be thouof les but ye fst ing in wy nind,0
take me away,0
aloha friday,0
finaly a friday,0
donl cry don cking gry,0
fcrget those wd ferge you,0
dont give up,0
i am not afraid to love i am just afraid not to be loved back,0
be the tvdf of person youwant to meet,0
karma,0
if you believe in karma watchthis thigal,0
karma,0
are you happy? no yes change something do you want to be happy? yes keep doing whatever you're doing no m/34,0
life is like a roller coaster it has its ups and downs. but it's your choice to scream or enjoy the ride w.,0
"""stay strong""",0
every new day is another chance to change your life,0
it takes 30 seconds to type a text message that will make her smile for hours,0
"ve you to reminder stay strong, you can do it view s close aÃÂ½ÃÂ±ÃÂ¿ÃÂ¿Ãâ¦ÃÂ½ÃÂ¿Ãâ wer asdfghjkl",0
the truth is you don'i know what is going to happen omorrow. lne is a crazy tide and noting is guaranteed. eminem auotesberry.com,0
you can't judge my choices without knowing my reasons le velin's photographyl,0
tomorrow is june,0
life is like a roller coaster it has its ups and downs. but it's your choice to scream or enjoy the ride w.,0
you can't judge my choices without knowing my reasons le velin's photographyl,0
they'll judge you anyway.,0
"tyler, the creator @fucktyler follow hahahahahahahaha how the fuck is cyber bullying real hahahaha nigga just walk away from the screen like nigga close your eyes haha retweets favorites 207,486 171,519 12:56 am-31 dec 2012",0
bro's are buddies not think bullies twice before saying something bully not so nice. busters stop cyberbullying know how to help by visiting posta www.mzdemonicgaming.tumblr.com,0
8:55 mail lol 4068 feet away today who is domochow on your instagram? seems rude to you 8:54 am,0
"favourite words the bigger they are, the more frequently they were tweeted: - teeth yknow whos fuck fic incest fucked tua luther playlist writing horny ugh fucking klaus page theres dude dirk glass immediately bro fives actor handler literally allison adt gross theyre girlie dick character yall hes vanya diego kin irt tho dave tumblr academy porn ben",0
okay cool we can be like obama and what's the other dude name except im obama and you're the other dude,0
ana 1013 i'm calling the police,0
psst 13:44 what does your crusty ass want at 1am 14:09,0
6 in 10 young people are more likely to battle on alone than ask for help,0
1 out of 3 internet users world wide is a child,0
how to support your child if they're being bullied online report bullying on social media check in with them regularly call our online safety o2 helpline on 0808 800 5002,0
"i have failed you. i'm sorry. i hope you have been entertained by my videos and that i have been the reason for the smile on your face. i love you. thank you for being so kind to me. i don't deserve it. i love you, so much. 14 hours ago e 448 57 nisha ezzati subscribed 114k subscribers",0
ti qgretweeted ferdinand.@poltergeyst 2h i don't understand why any twitter bambiala will look down on any roadside bambiala. they are your professional colleagues with no data. l 428 56 437,0
parent how do i know if my child is cyberbullying others? office of the esafety commissioner australian government,0
i say no to cyber bullies,0
prevent cyberbullying with good digital etiquette! be nice! stopbullying.gov,0
patricia eflopstar idk why black ppl think big lips are normal 24/03/2016 14:01 #bwigm jamzldn how are you talking about normal when your eyes don't share the same postcode patricia @flopstar idk why black ppl think big lips are normal 24/03/2016 15:01,1
smokey remember! only you can go fuck sokey yourself,1
you shutyour whore mouth when billy mays is talking,1
ever wonder if asians make fun of caucasians? hwwod rook at me! my name is erizabeth and i am from ros angeres hahahahahahaha,1
her: smoking doesn't make you cool- me: and tattooing bible verses doesn't make you an angel stephanie shut ur whore mouth,1
"when you get up for a second plate and someone says ""thought you were dieting?"" i will stab u in the neck susan auakunw",1
of course we shouldn't offend fat people but maybe if we ban all the fat people there would be no one to get offended,1
hi i'm demi lovato and you're watching the disney channel disned channe,1
-your pug is fucking amazing -that's my son,1
you can't hate jews when there is no jews. -adolf 1942,1
"when you accidentally bump into the retarded kid and he says ""watch where you going fucking retard"" @ extendo",1
imay be blind but at least i'm not black,1
when igrow up.. lol nevermind,1
when your spanish speaking friends tell a joke but the punchline is in spanish so you can't ajajaja with them @whitepeoplehumor wall,1
memes about the notre dame are offensive to french people,1
"barry @djgeebill most rapists coming from mexico are just frat boys returning from spring break 3/14/17, 10:56 pm 81.8k retweets 240k likes weavemama bloop yourshipsaregross i just witnessed a murder dynastyinoire expose them source: weavemama 21,638 notes",1
"""you will respect my authoritah""",1
donald j. trump @realdonaldtrunp whoever made this is getting deported ackan a ccat aga 17:55 1/8/19 twitter web client,1
lee rose fan acct @gerxldhxyes travis scott look like bacteria,1
doctor: the disease is gone her: so my son is gonna be okay? doctor: i just told u he's gone paitpisÃÂ± depeditohotos tohotos ostongka jcoestopotos dapetch oitekotos @tajmemehal,1
humormeetscomics.com.humormeetscomics.com humormeetscomics.com humormeetscomics.com just checking humormeet scomics.com humormeetsoom on you... anneetscomics.com humormeetscomies.com.humormeetscom.ics.com i heard a loud pop humormeetsonmics.com.aumomeetsaumics.com and thought you may huriomeetscomis have pulled your head humormeetscemics.com.fumormeetscomics.com chuniomeescomius.com your ass. out humormeetscomics.com humormeetscomics.com www.facebook.com/humormeetscomics2,1
"a whore's favorite line is, ""don't judge me. you don't knowwhat've been through."" pacedook& fuck gou. n's unng yes i do. dick. lots and lots of dick.",1
fuck you bitches,1
tweet @jaeminshole sometimes i think j hope is the uglies idol but then i remember woojin exists 19:05 26/03/2019 twitter for iphone,1
